Resume,Category
"intern Cybersecurity Analyst with experience in network security, ethical hacking, incident response, penetration testing, SIEM based in Colombo Sri Lanka",Cybersecurity Analyst
"mid-level Software Engineer with experience in software development, APIs, C#, ASP.NET, .NET based in Galle Sri Lanka",Software Engineer
"mid-level Software Engineer with experience in debugging, software development, APIs, C#, testing based in Sri Lanka Sri Lanka",Software Engineer
"junior DevOps Engineer with experience in cloud, CI/CD, Linux, Terraform, automation based in Kandy Sri Lanka",DevOps Engineer
"intern DevOps Engineer with experience in Jenkins, automation, Terraform, AWS, CI/CD based in Galle Sri Lanka",DevOps Engineer
"senior Database Administrator with experience in MySQL, SQL, database design, performance tuning, Oracle based in Sri Lanka Sri Lanka",Database Administrator
"senior Data Scientist with experience in pandas, data analysis, data visualization, machine learning, TensorFlow based in Kandy Sri Lanka",Data Scientist
"junior Web Developer with experience in MySQL, HTML, backend, React, frontend based in Negombo Sri Lanka",Web Developer
"intern Software Engineer with experience in SQL Server, software development, testing, APIs, ASP.NET based in Sri Lanka Sri Lanka",Software Engineer
"junior Mobile Developer with experience in UI/UX, Kotlin, Flutter, Android, Java based in Negombo Sri Lanka",Mobile Developer
"intern Data Scientist with experience in pandas, SQL, TensorFlow, data visualization, statistics based in Kandy Sri Lanka",Data Scientist
"junior Database Administrator with experience in SQL, database design, performance tuning, Oracle, MySQL based in Negombo Sri Lanka",Database Administrator
"mid-level Database Administrator with experience in SQL, recovery, database design, backup, Oracle based in Negombo Sri Lanka",Database Administrator
"mid-level Database Administrator with experience in database design, recovery, Oracle, MySQL, performance tuning based in Galle Sri Lanka",Database Administrator
"mid-level Database Administrator with experience in SQL, recovery, performance tuning, database design, backup based in Sri Lanka Sri Lanka",Database Administrator
"intern DevOps Engineer with experience in AWS, Kubernetes, CI/CD, Linux, automation based in Sri Lanka Sri Lanka",DevOps Engineer
"junior Cybersecurity Analyst with experience in threat analysis, SIEM, incident response, penetration testing, ethical hacking based in Colombo Sri Lanka",Cybersecurity Analyst
"intern DevOps Engineer with experience in AWS, cloud, Linux, Terraform, Kubernetes based in Galle Sri Lanka",DevOps Engineer
"mid-level Mobile Developer with experience in Java, Flutter, React Native, UI/UX, Android based in Colombo Sri Lanka",Mobile Developer
"senior Java Developer with experience in Maven, Java, OOP, Hibernate, SQL based in Kandy Sri Lanka",Java Developer
"junior Web Developer with experience in backend, Node.js, HTML, Laravel, CSS based in Colombo Sri Lanka",Web Developer
"junior DevOps Engineer with experience in Terraform, Jenkins, Linux, Kubernetes, Docker based in Galle Sri Lanka",DevOps Engineer
"junior DevOps Engineer with experience in Kubernetes, Terraform, Linux, automation, CI/CD based in Negombo Sri Lanka",DevOps Engineer
"senior Web Developer with experience in Node.js, backend, CSS, JavaScript, PHP based in Kandy Sri Lanka",Web Developer
"senior Business Analyst with experience in requirements gathering, stakeholder analysis, Scrum, UML, Agile based in Galle Sri Lanka",Business Analyst
"junior Software Engineer with experience in .NET, debugging, C#, testing, ASP.NET based in Negombo Sri Lanka",Software Engineer
"intern Mobile Developer with experience in Java, Android, Flutter, UI/UX, React Native based in Galle Sri Lanka",Mobile Developer
"mid-level DevOps Engineer with experience in CI/CD, AWS, Jenkins, automation, Terraform based in Sri Lanka Sri Lanka",DevOps Engineer
"junior DevOps Engineer with experience in CI/CD, Jenkins, cloud, Docker, Terraform based in Negombo Sri Lanka",DevOps Engineer
"intern Java Developer with experience in microservices, REST API, Maven, OOP, Java based in Kandy Sri Lanka",Java Developer
"junior Business Analyst with experience in requirements gathering, Agile, Scrum, documentation, UML based in Galle Sri Lanka",Business Analyst
"senior Web Developer with experience in CSS, MySQL, Node.js, PHP, Laravel based in Sri Lanka Sri Lanka",Web Developer
"senior Java Developer with experience in Spring Boot, Hibernate, microservices, OOP, REST API based in Negombo Sri Lanka",Java Developer
"mid-level Business Analyst with experience in requirements gathering, Agile, documentation, Scrum, stakeholder analysis based in Colombo Sri Lanka",Business Analyst
"mid-level Software Engineer with experience in ASP.NET, C#, SQL Server, APIs, software development based in Kandy Sri Lanka",Software Engineer
"junior Data Scientist with experience in statistics, data visualization, TensorFlow, machine learning, SQL based in Colombo Sri Lanka",Data Scientist
"intern Database Administrator with experience in recovery, backup, SQL, performance tuning, MySQL based in Negombo Sri Lanka",Database Administrator
"mid-level Mobile Developer with experience in Android, Java, Flutter, mobile apps, Kotlin based in Negombo Sri Lanka",Mobile Developer
"intern Business Analyst with experience in stakeholder analysis, Agile, UML, documentation, requirements gathering based in Negombo Sri Lanka",Business Analyst
"mid-level Database Administrator with experience in recovery, MySQL, database design, Oracle, SQL based in Galle Sri Lanka",Database Administrator
"intern Database Administrator with experience in SQL, performance tuning, recovery, backup, Oracle based in Sri Lanka Sri Lanka",Database Administrator
"senior Business Analyst with experience in Scrum, Agile, stakeholder analysis, UML, requirements gathering based in Galle Sri Lanka",Business Analyst
"mid-level Java Developer with experience in SQL, Hibernate, microservices, REST API, Spring Boot based in Colombo Sri Lanka",Java Developer
"mid-level Database Administrator with experience in SQL, MySQL, backup, recovery, performance tuning based in Colombo Sri Lanka",Database Administrator
"junior Mobile Developer with experience in Android, UI/UX, mobile apps, Flutter, React Native based in Sri Lanka Sri Lanka",Mobile Developer
"senior Mobile Developer with experience in Kotlin, Java, UI/UX, mobile apps, React Native based in Colombo Sri Lanka",Mobile Developer
"intern Data Scientist with experience in statistics, Python, data analysis, machine learning, SQL based in Galle Sri Lanka",Data Scientist
"mid-level Software Engineer with experience in .NET, testing, APIs, software development, SQL Server based in Colombo Sri Lanka",Software Engineer
"senior Software Engineer with experience in software development, SQL Server, APIs, .NET, testing based in Galle Sri Lanka",Software Engineer
"intern DevOps Engineer with experience in Kubernetes, Linux, Docker, automation, Terraform based in Galle Sri Lanka",DevOps Engineer
"mid-level Web Developer with experience in React, CSS, PHP, Node.js, JavaScript based in Galle Sri Lanka",Web Developer
"intern Cybersecurity Analyst with experience in incident response, network security, threat analysis, SIEM, penetration testing based in Galle Sri Lanka",Cybersecurity Analyst
"senior DevOps Engineer with experience in AWS, Kubernetes, Terraform, Linux, Jenkins based in Galle Sri Lanka",DevOps Engineer
"mid-level DevOps Engineer with experience in automation, Jenkins, AWS, CI/CD, cloud based in Galle Sri Lanka",DevOps Engineer
"junior Mobile Developer with experience in Java, UI/UX, mobile apps, React Native, Flutter based in Sri Lanka Sri Lanka",Mobile Developer
"mid-level Data Scientist with experience in Python, data visualization, machine learning, pandas, SQL based in Galle Sri Lanka",Data Scientist
"intern Web Developer with experience in JavaScript, Node.js, React, Laravel, backend based in Kandy Sri Lanka",Web Developer
"junior DevOps Engineer with experience in Jenkins, cloud, Terraform, CI/CD, Linux based in Negombo Sri Lanka",DevOps Engineer
"junior Database Administrator with experience in backup, recovery, SQL, performance tuning, database design based in Kandy Sri Lanka",Database Administrator
"intern Cybersecurity Analyst with experience in SIEM, network security, incident response, threat analysis, penetration testing based in Sri Lanka Sri Lanka",Cybersecurity Analyst
"intern Software Engineer with experience in C#, software development, testing, APIs, debugging based in Sri Lanka Sri Lanka",Software Engineer
"mid-level Cybersecurity Analyst with experience in ethical hacking, network security, penetration testing, SIEM, threat analysis based in Galle Sri Lanka",Cybersecurity Analyst
"intern Software Engineer with experience in APIs, C#, software development, testing, SQL Server based in Galle Sri Lanka",Software Engineer
"junior Cybersecurity Analyst with experience in ethical hacking, penetration testing, network security, threat analysis, SIEM based in Negombo Sri Lanka",Cybersecurity Analyst
"junior Java Developer with experience in Java, OOP, REST API, microservices, Hibernate based in Negombo Sri Lanka",Java Developer
"mid-level Java Developer with experience in Hibernate, Spring Boot, REST API, Java, OOP based in Galle Sri Lanka",Java Developer
"senior Web Developer with experience in frontend, MySQL, Node.js, React, Laravel based in Colombo Sri Lanka",Web Developer
"junior Software Engineer with experience in SQL Server, debugging, testing, .NET, C# based in Sri Lanka Sri Lanka",Software Engineer
"senior Mobile Developer with experience in UI/UX, Android, React Native, Flutter, Java based in Negombo Sri Lanka",Mobile Developer
"mid-level Business Analyst with experience in Scrum, documentation, requirements gathering, stakeholder analysis, Agile based in Sri Lanka Sri Lanka",Business Analyst
"mid-level Data Scientist with experience in Python, statistics, SQL, machine learning, TensorFlow based in Colombo Sri Lanka",Data Scientist
"senior Java Developer with experience in REST API, Hibernate, Java, Maven, OOP based in Galle Sri Lanka",Java Developer
"junior Mobile Developer with experience in React Native, mobile apps, Android, Kotlin, Flutter based in Sri Lanka Sri Lanka",Mobile Developer
"junior Database Administrator with experience in SQL, performance tuning, database design, Oracle, backup based in Kandy Sri Lanka",Database Administrator
"senior DevOps Engineer with experience in Jenkins, AWS, Docker, Linux, cloud based in Negombo Sri Lanka",DevOps Engineer
"intern Java Developer with experience in Spring Boot, Java, SQL, microservices, REST API based in Sri Lanka Sri Lanka",Java Developer
"intern Software Engineer with experience in software development, testing, APIs, debugging, C# based in Sri Lanka Sri Lanka",Software Engineer
"mid-level Database Administrator with experience in backup, Oracle, recovery, MySQL, database design based in Kandy Sri Lanka",Database Administrator
"senior Database Administrator with experience in SQL, Oracle, performance tuning, MySQL, database design based in Sri Lanka Sri Lanka",Database Administrator
"senior Business Analyst with experience in UML, stakeholder analysis, Agile, requirements gathering, Scrum based in Galle Sri Lanka",Business Analyst
"junior Business Analyst with experience in Scrum, stakeholder analysis, documentation, requirements gathering, UML based in Sri Lanka Sri Lanka",Business Analyst
"senior Business Analyst with experience in Scrum, requirements gathering, documentation, Agile, UML based in Colombo Sri Lanka",Business Analyst
"intern Cybersecurity Analyst with experience in ethical hacking, incident response, penetration testing, network security, SIEM based in Colombo Sri Lanka",Cybersecurity Analyst
"senior Software Engineer with experience in testing, .NET, software development, SQL Server, C# based in Galle Sri Lanka",Software Engineer
"mid-level DevOps Engineer with experience in cloud, CI/CD, Terraform, Docker, Jenkins based in Colombo Sri Lanka",DevOps Engineer
"senior Software Engineer with experience in SQL Server, software development, debugging, .NET, APIs based in Colombo Sri Lanka",Software Engineer
"intern Mobile Developer with experience in Flutter, Java, UI/UX, React Native, Kotlin based in Galle Sri Lanka",Mobile Developer
"senior Business Analyst with experience in Agile, requirements gathering, documentation, Scrum, UML based in Galle Sri Lanka",Business Analyst
"mid-level Web Developer with experience in frontend, backend, React, CSS, Node.js based in Kandy Sri Lanka",Web Developer
"senior Mobile Developer with experience in Android, UI/UX, Java, Kotlin, React Native based in Colombo Sri Lanka",Mobile Developer
"junior DevOps Engineer with experience in Linux, AWS, CI/CD, cloud, Jenkins based in Kandy Sri Lanka",DevOps Engineer
"mid-level Software Engineer with experience in ASP.NET, software development, SQL Server, testing, APIs based in Galle Sri Lanka",Software Engineer
"junior Mobile Developer with experience in Kotlin, Java, Flutter, mobile apps, Android based in Negombo Sri Lanka",Mobile Developer
"senior Database Administrator with experience in backup, performance tuning, MySQL, Oracle, SQL based in Colombo Sri Lanka",Database Administrator
"junior DevOps Engineer with experience in CI/CD, cloud, Kubernetes, AWS, Jenkins based in Negombo Sri Lanka",DevOps Engineer
"senior Data Scientist with experience in data visualization, data analysis, SQL, pandas, Python based in Galle Sri Lanka",Data Scientist
"senior Cybersecurity Analyst with experience in threat analysis, incident response, network security, penetration testing, ethical hacking based in Galle Sri Lanka",Cybersecurity Analyst
"mid-level Java Developer with experience in SQL, Spring Boot, Maven, OOP, REST API based in Galle Sri Lanka",Java Developer
"junior Mobile Developer with experience in Kotlin, UI/UX, React Native, mobile apps, Flutter based in Kandy Sri Lanka",Mobile Developer
"senior DevOps Engineer with experience in Docker, AWS, Jenkins, Linux, automation based in Colombo Sri Lanka",DevOps Engineer
"junior Software Engineer with experience in testing, .NET, software development, debugging, ASP.NET based in Negombo Sri Lanka",Software Engineer
"senior Business Analyst with experience in requirements gathering, Scrum, Agile, documentation, UML based in Sri Lanka Sri Lanka",Business Analyst
"junior Mobile Developer with experience in Flutter, Android, Java, mobile apps, Kotlin based in Colombo Sri Lanka",Mobile Developer
"junior Web Developer with experience in MySQL, Laravel, HTML, PHP, frontend based in Kandy Sri Lanka",Web Developer
"intern Database Administrator with experience in backup, recovery, performance tuning, SQL, MySQL based in Galle Sri Lanka",Database Administrator
"mid-level Mobile Developer with experience in UI/UX, Java, Android, mobile apps, React Native based in Sri Lanka Sri Lanka",Mobile Developer
"intern Java Developer with experience in SQL, Maven, Java, REST API, microservices based in Sri Lanka Sri Lanka",Java Developer
"senior Software Engineer with experience in APIs, ASP.NET, C#, SQL Server, debugging based in Galle Sri Lanka",Software Engineer
"junior Data Scientist with experience in pandas, machine learning, data visualization, data analysis, TensorFlow based in Colombo Sri Lanka",Data Scientist
"senior DevOps Engineer with experience in automation, AWS, Jenkins, CI/CD, Linux based in Sri Lanka Sri Lanka",DevOps Engineer
"mid-level Web Developer with experience in JavaScript, CSS, Laravel, PHP, MySQL based in Kandy Sri Lanka",Web Developer
"senior Data Scientist with experience in Python, data analysis, pandas, SQL, data visualization based in Sri Lanka Sri Lanka",Data Scientist
"senior Software Engineer with experience in testing, C#, SQL Server, .NET, ASP.NET based in Colombo Sri Lanka",Software Engineer
"senior Database Administrator with experience in backup, database design, performance tuning, Oracle, MySQL based in Negombo Sri Lanka",Database Administrator
"mid-level Web Developer with experience in Node.js, CSS, Laravel, MySQL, frontend based in Sri Lanka Sri Lanka",Web Developer
"intern Web Developer with experience in Node.js, MySQL, backend, frontend, React based in Sri Lanka Sri Lanka",Web Developer
"junior Web Developer with experience in MySQL, CSS, Laravel, frontend, Node.js based in Negombo Sri Lanka",Web Developer
"mid-level Java Developer with experience in Maven, SQL, REST API, Hibernate, Java based in Sri Lanka Sri Lanka",Java Developer
"intern Java Developer with experience in SQL, OOP, Spring Boot, Hibernate, REST API based in Galle Sri Lanka",Java Developer
"junior Data Scientist with experience in TensorFlow, statistics, SQL, pandas, data analysis based in Kandy Sri Lanka",Data Scientist
"junior Mobile Developer with experience in mobile apps, Kotlin, Java, React Native, Flutter based in Negombo Sri Lanka",Mobile Developer
"senior Data Scientist with experience in pandas, machine learning, data analysis, statistics, TensorFlow based in Colombo Sri Lanka",Data Scientist
"junior Java Developer with experience in REST API, OOP, Maven, Java, microservices based in Colombo Sri Lanka",Java Developer
"intern Database Administrator with experience in database design, backup, Oracle, recovery, MySQL based in Galle Sri Lanka",Database Administrator
"senior Web Developer with experience in CSS, backend, React, frontend, JavaScript based in Negombo Sri Lanka",Web Developer
"junior Business Analyst with experience in UML, stakeholder analysis, requirements gathering, Agile, Scrum based in Galle Sri Lanka",Business Analyst
"junior Business Analyst with experience in Scrum, requirements gathering, stakeholder analysis, documentation, UML based in Galle Sri Lanka",Business Analyst
"senior Mobile Developer with experience in UI/UX, Flutter, Java, React Native, Android based in Colombo Sri Lanka",Mobile Developer
"mid-level Data Scientist with experience in pandas, machine learning, data visualization, data analysis, SQL based in Galle Sri Lanka",Data Scientist
"mid-level Cybersecurity Analyst with experience in incident response, ethical hacking, penetration testing, network security, threat analysis based in Kandy Sri Lanka",Cybersecurity Analyst
"senior Cybersecurity Analyst with experience in ethical hacking, threat analysis, incident response, network security, penetration testing based in Colombo Sri Lanka",Cybersecurity Analyst
"intern DevOps Engineer with experience in Docker, automation, Terraform, Jenkins, cloud based in Negombo Sri Lanka",DevOps Engineer
"mid-level Java Developer with experience in REST API, Hibernate, Java, OOP, SQL based in Galle Sri Lanka",Java Developer
"senior Software Engineer with experience in SQL Server, C#, .NET, debugging, testing based in Kandy Sri Lanka",Software Engineer
"mid-level Web Developer with experience in PHP, React, backend, frontend, HTML based in Colombo Sri Lanka",Web Developer
"senior Data Scientist with experience in SQL, statistics, data visualization, pandas, TensorFlow based in Kandy Sri Lanka",Data Scientist
"junior Java Developer with experience in microservices, SQL, Maven, OOP, Hibernate based in Negombo Sri Lanka",Java Developer
"junior DevOps Engineer with experience in Jenkins, automation, Linux, Kubernetes, CI/CD based in Negombo Sri Lanka",DevOps Engineer
"mid-level Cybersecurity Analyst with experience in threat analysis, incident response, ethical hacking, penetration testing, SIEM based in Galle Sri Lanka",Cybersecurity Analyst
"junior Mobile Developer with experience in Android, UI/UX, Kotlin, Java, React Native based in Colombo Sri Lanka",Mobile Developer
"senior DevOps Engineer with experience in automation, cloud, Kubernetes, Terraform, AWS based in Kandy Sri Lanka",DevOps Engineer
"junior Mobile Developer with experience in Android, Flutter, Kotlin, mobile apps, Java based in Negombo Sri Lanka",Mobile Developer
"junior Web Developer with experience in JavaScript, frontend, Node.js, MySQL, CSS based in Negombo Sri Lanka",Web Developer
"junior Web Developer with experience in HTML, backend, PHP, frontend, React based in Negombo Sri Lanka",Web Developer
"senior DevOps Engineer with experience in Kubernetes, cloud, Terraform, Docker, AWS based in Negombo Sri Lanka",DevOps Engineer
"junior Web Developer with experience in PHP, JavaScript, React, CSS, MySQL based in Sri Lanka Sri Lanka",Web Developer
"senior Web Developer with experience in Node.js, CSS, MySQL, PHP, HTML based in Galle Sri Lanka",Web Developer
"intern Web Developer with experience in PHP, React, CSS, MySQL, Node.js based in Kandy Sri Lanka",Web Developer
"junior DevOps Engineer with experience in Terraform, cloud, Linux, AWS, Kubernetes based in Negombo Sri Lanka",DevOps Engineer
"senior Database Administrator with experience in MySQL, SQL, database design, backup, Oracle based in Negombo Sri Lanka",Database Administrator
"junior Mobile Developer with experience in Flutter, Kotlin, mobile apps, React Native, UI/UX based in Colombo Sri Lanka",Mobile Developer
"junior Business Analyst with experience in Scrum, UML, documentation, Agile, requirements gathering based in Colombo Sri Lanka",Business Analyst
"junior Web Developer with experience in HTML, frontend, JavaScript, CSS, React based in Negombo Sri Lanka",Web Developer
"senior Java Developer with experience in REST API, Hibernate, OOP, Spring Boot, Maven based in Colombo Sri Lanka",Java Developer
"junior DevOps Engineer with experience in Linux, Docker, AWS, Terraform, CI/CD based in Galle Sri Lanka",DevOps Engineer
"junior Business Analyst with experience in Agile, documentation, requirements gathering, stakeholder analysis, Scrum based in Galle Sri Lanka",Business Analyst
"senior Java Developer with experience in microservices, REST API, Java, Hibernate, OOP based in Colombo Sri Lanka",Java Developer
"senior DevOps Engineer with experience in cloud, Docker, CI/CD, automation, AWS based in Galle Sri Lanka",DevOps Engineer
"mid-level Business Analyst with experience in stakeholder analysis, UML, Agile, requirements gathering, Scrum based in Kandy Sri Lanka",Business Analyst
"senior Cybersecurity Analyst with experience in threat analysis, ethical hacking, SIEM, incident response, network security based in Colombo Sri Lanka",Cybersecurity Analyst
"mid-level Database Administrator with experience in SQL, recovery, MySQL, database design, performance tuning based in Galle Sri Lanka",Database Administrator
"mid-level Software Engineer with experience in ASP.NET, .NET, SQL Server, APIs, debugging based in Galle Sri Lanka",Software Engineer
"intern Software Engineer with experience in APIs, testing, SQL Server, debugging, C# based in Negombo Sri Lanka",Software Engineer
"mid-level Data Scientist with experience in pandas, data analysis, TensorFlow, data visualization, Python based in Colombo Sri Lanka",Data Scientist
"senior Software Engineer with experience in .NET, SQL Server, APIs, ASP.NET, testing based in Colombo Sri Lanka",Software Engineer
"senior Software Engineer with experience in SQL Server, APIs, ASP.NET, C#, .NET based in Colombo Sri Lanka",Software Engineer
"junior Data Scientist with experience in pandas, TensorFlow, SQL, Python, data analysis based in Kandy Sri Lanka",Data Scientist
"junior Java Developer with experience in SQL, Spring Boot, Java, microservices, Hibernate based in Galle Sri Lanka",Java Developer
"intern Java Developer with experience in Maven, REST API, Spring Boot, Hibernate, microservices based in Kandy Sri Lanka",Java Developer
"junior Java Developer with experience in REST API, microservices, SQL, Java, Spring Boot based in Galle Sri Lanka",Java Developer
"senior Business Analyst with experience in Agile, UML, documentation, requirements gathering, stakeholder analysis based in Sri Lanka Sri Lanka",Business Analyst
"senior Data Scientist with experience in statistics, data visualization, pandas, data analysis, Python based in Sri Lanka Sri Lanka",Data Scientist
"intern Mobile Developer with experience in UI/UX, Java, mobile apps, Android, Kotlin based in Sri Lanka Sri Lanka",Mobile Developer
"mid-level Software Engineer with experience in C#, debugging, APIs, software development, ASP.NET based in Galle Sri Lanka",Software Engineer
"junior Mobile Developer with experience in Flutter, Kotlin, Java, Android, React Native based in Negombo Sri Lanka",Mobile Developer
"mid-level DevOps Engineer with experience in automation, AWS, Docker, Terraform, Jenkins based in Galle Sri Lanka",DevOps Engineer
"junior Java Developer with experience in Hibernate, microservices, REST API, Maven, Java based in Colombo Sri Lanka",Java Developer
"intern Software Engineer with experience in testing, APIs, debugging, SQL Server, software development based in Negombo Sri Lanka",Software Engineer
"senior Data Scientist with experience in data visualization, Python, TensorFlow, pandas, machine learning based in Negombo Sri Lanka",Data Scientist
"junior Java Developer with experience in SQL, Hibernate, REST API, Java, Spring Boot based in Sri Lanka Sri Lanka",Java Developer
"intern Java Developer with experience in REST API, Java, OOP, microservices, Maven based in Sri Lanka Sri Lanka",Java Developer
"intern Cybersecurity Analyst with experience in threat analysis, network security, ethical hacking, SIEM, penetration testing based in Kandy Sri Lanka",Cybersecurity Analyst
"junior DevOps Engineer with experience in Linux, Jenkins, cloud, AWS, CI/CD based in Kandy Sri Lanka",DevOps Engineer
"mid-level Data Scientist with experience in TensorFlow, Python, SQL, pandas, data visualization based in Colombo Sri Lanka",Data Scientist
"intern Java Developer with experience in REST API, OOP, Maven, microservices, Spring Boot based in Kandy Sri Lanka",Java Developer
"junior Business Analyst with experience in documentation, stakeholder analysis, Scrum, UML, Agile based in Sri Lanka Sri Lanka",Business Analyst
"senior Business Analyst with experience in requirements gathering, Agile, documentation, UML, Scrum based in Colombo Sri Lanka",Business Analyst
"mid-level Database Administrator with experience in backup, MySQL, Oracle, recovery, performance tuning based in Colombo Sri Lanka",Database Administrator
"junior Data Scientist with experience in data visualization, pandas, Python, machine learning, statistics based in Sri Lanka Sri Lanka",Data Scientist
"mid-level Java Developer with experience in Spring Boot, Maven, Hibernate, SQL, Java based in Negombo Sri Lanka",Java Developer
"intern Software Engineer with experience in ASP.NET, SQL Server, debugging, testing, C# based in Kandy Sri Lanka",Software Engineer
"junior Data Scientist with experience in TensorFlow, statistics, machine learning, pandas, data analysis based in Negombo Sri Lanka",Data Scientist
"intern Java Developer with experience in Maven, Spring Boot, SQL, REST API, Hibernate based in Kandy Sri Lanka",Java Developer
"junior Data Scientist with experience in statistics, data visualization, Python, SQL, pandas based in Kandy Sri Lanka",Data Scientist
"intern Web Developer with experience in React, Node.js, HTML, frontend, backend based in Colombo Sri Lanka",Web Developer
"senior Mobile Developer with experience in Kotlin, React Native, mobile apps, UI/UX, Android based in Galle Sri Lanka",Mobile Developer
"intern Business Analyst with experience in documentation, Agile, UML, Scrum, stakeholder analysis based in Sri Lanka Sri Lanka",Business Analyst
"junior Database Administrator with experience in recovery, backup, MySQL, performance tuning, Oracle based in Galle Sri Lanka",Database Administrator
"junior DevOps Engineer with experience in Kubernetes, Linux, Terraform, AWS, CI/CD based in Galle Sri Lanka",DevOps Engineer
"senior Business Analyst with experience in Agile, requirements gathering, stakeholder analysis, documentation, UML based in Kandy Sri Lanka",Business Analyst
"senior Web Developer with experience in backend, PHP, React, MySQL, HTML based in Negombo Sri Lanka",Web Developer
"intern DevOps Engineer with experience in Jenkins, cloud, Linux, Docker, CI/CD based in Kandy Sri Lanka",DevOps Engineer
"intern DevOps Engineer with experience in Docker, AWS, Linux, Kubernetes, cloud based in Galle Sri Lanka",DevOps Engineer
"junior Software Engineer with experience in software development, testing, debugging, SQL Server, ASP.NET based in Galle Sri Lanka",Software Engineer
"senior Web Developer with experience in MySQL, PHP, React, Laravel, frontend based in Galle Sri Lanka",Web Developer
"senior Cybersecurity Analyst with experience in penetration testing, network security, threat analysis, ethical hacking, SIEM based in Galle Sri Lanka",Cybersecurity Analyst
"senior Cybersecurity Analyst with experience in SIEM, threat analysis, network security, incident response, ethical hacking based in Colombo Sri Lanka",Cybersecurity Analyst
"intern Web Developer with experience in CSS, MySQL, Laravel, PHP, Node.js based in Negombo Sri Lanka",Web Developer
"junior Database Administrator with experience in Oracle, database design, MySQL, recovery, backup based in Colombo Sri Lanka",Database Administrator
"junior Data Scientist with experience in data analysis, statistics, TensorFlow, Python, data visualization based in Colombo Sri Lanka",Data Scientist
"intern Web Developer with experience in Laravel, MySQL, React, frontend, JavaScript based in Kandy Sri Lanka",Web Developer
"senior Java Developer with experience in Maven, Hibernate, OOP, REST API, Java based in Sri Lanka Sri Lanka",Java Developer
"senior Web Developer with experience in JavaScript, Laravel, CSS, frontend, MySQL based in Colombo Sri Lanka",Web Developer
"intern Java Developer with experience in OOP, SQL, Maven, Hibernate, REST API based in Negombo Sri Lanka",Java Developer
"mid-level DevOps Engineer with experience in Docker, Linux, automation, AWS, Jenkins based in Negombo Sri Lanka",DevOps Engineer
"senior DevOps Engineer with experience in AWS, Kubernetes, automation, Linux, Docker based in Negombo Sri Lanka",DevOps Engineer
"mid-level Cybersecurity Analyst with experience in incident response, ethical hacking, network security, penetration testing, SIEM based in Colombo Sri Lanka",Cybersecurity Analyst
"junior Software Engineer with experience in SQL Server, software development, debugging, ASP.NET, APIs based in Sri Lanka Sri Lanka",Software Engineer
"intern Cybersecurity Analyst with experience in ethical hacking, penetration testing, incident response, threat analysis, SIEM based in Sri Lanka Sri Lanka",Cybersecurity Analyst
"senior Database Administrator with experience in SQL, recovery, Oracle, performance tuning, database design based in Colombo Sri Lanka",Database Administrator
"intern Software Engineer with experience in APIs, debugging, ASP.NET, C#, software development based in Negombo Sri Lanka",Software Engineer
"senior Java Developer with experience in Spring Boot, Hibernate, OOP, SQL, Maven based in Kandy Sri Lanka",Java Developer
"senior Database Administrator with experience in database design, performance tuning, MySQL, Oracle, SQL based in Galle Sri Lanka",Database Administrator
"mid-level Java Developer with experience in REST API, SQL, Maven, microservices, Java based in Colombo Sri Lanka",Java Developer
"junior DevOps Engineer with experience in Jenkins, Kubernetes, AWS, cloud, automation based in Kandy Sri Lanka",DevOps Engineer
"junior DevOps Engineer with experience in cloud, Jenkins, automation, Docker, CI/CD based in Kandy Sri Lanka",DevOps Engineer
"senior Java Developer with experience in microservices, SQL, REST API, OOP, Java based in Galle Sri Lanka",Java Developer
"senior Software Engineer with experience in SQL Server, APIs, testing, .NET, debugging based in Sri Lanka Sri Lanka",Software Engineer
"junior Database Administrator with experience in backup, recovery, database design, MySQL, performance tuning based in Negombo Sri Lanka",Database Administrator
"senior Cybersecurity Analyst with experience in SIEM, threat analysis, incident response, network security, ethical hacking based in Kandy Sri Lanka",Cybersecurity Analyst
"mid-level Java Developer with experience in Hibernate, REST API, Spring Boot, Java, Maven based in Galle Sri Lanka",Java Developer
"senior Java Developer with experience in Java, Spring Boot, OOP, Maven, Hibernate based in Colombo Sri Lanka",Java Developer
"junior Database Administrator with experience in Oracle, recovery, database design, MySQL, performance tuning based in Negombo Sri Lanka",Database Administrator
"mid-level Mobile Developer with experience in React Native, mobile apps, Java, Android, Flutter based in Galle Sri Lanka",Mobile Developer
"senior Java Developer with experience in OOP, microservices, REST API, Maven, Spring Boot based in Kandy Sri Lanka",Java Developer
"senior Data Scientist with experience in TensorFlow, Python, pandas, SQL, machine learning based in Sri Lanka Sri Lanka",Data Scientist
"junior Cybersecurity Analyst with experience in threat analysis, penetration testing, incident response, ethical hacking, network security based in Galle Sri Lanka",Cybersecurity Analyst
"senior Web Developer with experience in React, MySQL, frontend, Laravel, HTML based in Negombo Sri Lanka",Web Developer
"junior Mobile Developer with experience in Android, UI/UX, Flutter, mobile apps, Kotlin based in Negombo Sri Lanka",Mobile Developer
"senior Data Scientist with experience in Python, data visualization, data analysis, SQL, pandas based in Negombo Sri Lanka",Data Scientist
"intern Web Developer with experience in frontend, MySQL, Laravel, backend, HTML based in Galle Sri Lanka",Web Developer
"intern Mobile Developer with experience in React Native, Android, Kotlin, Flutter, mobile apps based in Sri Lanka Sri Lanka",Mobile Developer
"intern Web Developer with experience in HTML, JavaScript, CSS, backend, MySQL based in Galle Sri Lanka",Web Developer
"mid-level Data Scientist with experience in TensorFlow, machine learning, pandas, Python, statistics based in Kandy Sri Lanka",Data Scientist
"mid-level DevOps Engineer with experience in CI/CD, Jenkins, Linux, AWS, automation based in Colombo Sri Lanka",DevOps Engineer
"intern DevOps Engineer with experience in cloud, Terraform, Jenkins, Linux, automation based in Sri Lanka Sri Lanka",DevOps Engineer
"mid-level Database Administrator with experience in SQL, backup, Oracle, database design, MySQL based in Galle Sri Lanka",Database Administrator
"junior Java Developer with experience in Maven, SQL, microservices, REST API, Java based in Sri Lanka Sri Lanka",Java Developer
"mid-level Cybersecurity Analyst with experience in threat analysis, penetration testing, ethical hacking, incident response, SIEM based in Sri Lanka Sri Lanka",Cybersecurity Analyst
"mid-level Software Engineer with experience in APIs, C#, testing, software development, debugging based in Sri Lanka Sri Lanka",Software Engineer
"mid-level Mobile Developer with experience in Kotlin, mobile apps, Java, Flutter, React Native based in Sri Lanka Sri Lanka",Mobile Developer
"mid-level Software Engineer with experience in APIs, testing, SQL Server, debugging, software development based in Sri Lanka Sri Lanka",Software Engineer
"mid-level DevOps Engineer with experience in Kubernetes, automation, Docker, Linux, AWS based in Galle Sri Lanka",DevOps Engineer
"mid-level Business Analyst with experience in UML, requirements gathering, Agile, stakeholder analysis, Scrum based in Sri Lanka Sri Lanka",Business Analyst
"mid-level Database Administrator with experience in MySQL, database design, performance tuning, Oracle, backup based in Colombo Sri Lanka",Database Administrator
"intern DevOps Engineer with experience in automation, Terraform, AWS, CI/CD, Jenkins based in Galle Sri Lanka",DevOps Engineer
"junior Java Developer with experience in Hibernate, SQL, Maven, Spring Boot, OOP based in Colombo Sri Lanka",Java Developer
"intern Data Scientist with experience in TensorFlow, SQL, data visualization, pandas, data analysis based in Colombo Sri Lanka",Data Scientist
"mid-level Software Engineer with experience in SQL Server, debugging, C#, APIs, software development based in Negombo Sri Lanka",Software Engineer
"junior Data Scientist with experience in Python, data analysis, SQL, data visualization, machine learning based in Galle Sri Lanka",Data Scientist
"mid-level Database Administrator with experience in performance tuning, database design, MySQL, Oracle, recovery based in Sri Lanka Sri Lanka",Database Administrator
"intern Database Administrator with experience in recovery, backup, SQL, performance tuning, database design based in Negombo Sri Lanka",Database Administrator
"mid-level Web Developer with experience in MySQL, Laravel, frontend, JavaScript, React based in Galle Sri Lanka",Web Developer
"junior DevOps Engineer with experience in Terraform, Jenkins, Docker, Kubernetes, AWS based in Sri Lanka Sri Lanka",DevOps Engineer
"mid-level DevOps Engineer with experience in Kubernetes, cloud, Jenkins, Docker, automation based in Colombo Sri Lanka",DevOps Engineer
"mid-level DevOps Engineer with experience in cloud, AWS, Docker, automation, Jenkins based in Sri Lanka Sri Lanka",DevOps Engineer
"senior Data Scientist with experience in TensorFlow, machine learning, Python, data visualization, SQL based in Negombo Sri Lanka",Data Scientist
"senior Database Administrator with experience in Oracle, performance tuning, database design, SQL, MySQL based in Sri Lanka Sri Lanka",Database Administrator
"senior Mobile Developer with experience in Flutter, Kotlin, React Native, Android, UI/UX based in Negombo Sri Lanka",Mobile Developer
"junior Data Scientist with experience in machine learning, statistics, SQL, TensorFlow, data visualization based in Galle Sri Lanka",Data Scientist
"senior DevOps Engineer with experience in Linux, CI/CD, Kubernetes, Jenkins, Terraform based in Colombo Sri Lanka",DevOps Engineer
"senior Database Administrator with experience in database design, backup, SQL, performance tuning, MySQL based in Negombo Sri Lanka",Database Administrator
"mid-level Cybersecurity Analyst with experience in network security, threat analysis, SIEM, incident response, ethical hacking based in Sri Lanka Sri Lanka",Cybersecurity Analyst
"junior Mobile Developer with experience in UI/UX, Flutter, Java, Android, mobile apps based in Colombo Sri Lanka",Mobile Developer
"junior Data Scientist with experience in statistics, data visualization, data analysis, machine learning, TensorFlow based in Colombo Sri Lanka",Data Scientist
"mid-level Cybersecurity Analyst with experience in SIEM, network security, threat analysis, incident response, ethical hacking based in Negombo Sri Lanka",Cybersecurity Analyst
"mid-level Java Developer with experience in Hibernate, Java, microservices, SQL, Spring Boot based in Galle Sri Lanka",Java Developer
"junior Business Analyst with experience in requirements gathering, documentation, Agile, Scrum, stakeholder analysis based in Colombo Sri Lanka",Business Analyst
"intern Web Developer with experience in Laravel, JavaScript, Node.js, backend, CSS based in Kandy Sri Lanka",Web Developer
"junior DevOps Engineer with experience in Jenkins, automation, cloud, Terraform, Linux based in Galle Sri Lanka",DevOps Engineer
"junior Database Administrator with experience in database design, performance tuning, MySQL, recovery, backup based in Colombo Sri Lanka",Database Administrator
"junior Software Engineer with experience in ASP.NET, software development, C#, .NET, SQL Server based in Kandy Sri Lanka",Software Engineer
"mid-level Business Analyst with experience in UML, requirements gathering, documentation, Scrum, stakeholder analysis based in Sri Lanka Sri Lanka",Business Analyst
"senior DevOps Engineer with experience in cloud, Jenkins, Kubernetes, Terraform, Docker based in Negombo Sri Lanka",DevOps Engineer
"intern Database Administrator with experience in performance tuning, MySQL, Oracle, SQL, backup based in Galle Sri Lanka",Database Administrator
"senior Database Administrator with experience in performance tuning, SQL, MySQL, database design, backup based in Sri Lanka Sri Lanka",Database Administrator
"mid-level Web Developer with experience in frontend, Laravel, Node.js, backend, PHP based in Kandy Sri Lanka",Web Developer
"junior Data Scientist with experience in data visualization, statistics, TensorFlow, SQL, pandas based in Sri Lanka Sri Lanka",Data Scientist
"senior Web Developer with experience in PHP, MySQL, JavaScript, backend, HTML based in Galle Sri Lanka",Web Developer
"mid-level Database Administrator with experience in SQL, Oracle, MySQL, recovery, database design based in Galle Sri Lanka",Database Administrator
"junior Web Developer with experience in React, CSS, JavaScript, MySQL, HTML based in Galle Sri Lanka",Web Developer
"intern Java Developer with experience in SQL, Spring Boot, REST API, OOP, Java based in Colombo Sri Lanka",Java Developer
"mid-level Data Scientist with experience in data analysis, statistics, Python, pandas, TensorFlow based in Negombo Sri Lanka",Data Scientist
"mid-level DevOps Engineer with experience in Jenkins, Linux, Docker, cloud, CI/CD based in Kandy Sri Lanka",DevOps Engineer
"mid-level DevOps Engineer with experience in cloud, Terraform, Jenkins, Docker, Linux based in Colombo Sri Lanka",DevOps Engineer
"mid-level DevOps Engineer with experience in Linux, Jenkins, automation, AWS, CI/CD based in Kandy Sri Lanka",DevOps Engineer
"junior Web Developer with experience in JavaScript, React, MySQL, HTML, Node.js based in Galle Sri Lanka",Web Developer
"junior Mobile Developer with experience in mobile apps, Java, UI/UX, React Native, Flutter based in Sri Lanka Sri Lanka",Mobile Developer
"mid-level Business Analyst with experience in documentation, Scrum, UML, requirements gathering, Agile based in Negombo Sri Lanka",Business Analyst
"senior Web Developer with experience in CSS, MySQL, Node.js, PHP, backend based in Sri Lanka Sri Lanka",Web Developer
